{"cameraMode":{"drawMode":0,"name":"Shaded","section":"Shading Mode"},"sceneLighting":true,"audioPlay":false,"sceneViewState":{"m_AlwaysRefresh":false,"showFog":true,"showSkybox":true,"showFlares":true,"showImageEffects":true,"showParticleSystems":true,"showVisualEffectGraphs":true,"m_FxEnabled":true},"in2DMode":false,"pivot":{"x":-0.18008796870708466,"y":-2.788935899734497,"z":19.121536254882814},"rotation":{"x":-0.5586668848991394,"y":-0.013171130791306496,"z":0.008333302102982998,"w":-0.8293236494064331},"size":5.5905680656433109,"orthographic":false}