{"cameraMode":{"drawMode":0,"name":"Shaded","section":"Shading Mode"},"sceneLighting":false,"audioPlay":false,"sceneViewState":{"m_AlwaysRefresh":false,"showFog":true,"showSkybox":false,"showFlares":true,"showImageEffects":true,"showParticleSystems":true,"showVisualEffectGraphs":true,"m_FxEnabled":true},"in2DMode":false,"pivot":{"x":-0.00034928321838378906,"y":1.4737462997436524,"z":-0.06216044723987579},"rotation":{"x":-0.35449081659317019,"y":0.5778784155845642,"z":-0.3066098093986511,"w":-0.6681239008903503},"size":2.1241979598999025,"orthographic":false}